{"delays": [2.073436593725855e-06, 2.0804495517500975e-06, 4.931584920405737e-06, 1.2054297454997184e-05, 2.122715612469114e-06, 2.8955811278097225e-06, 5.643120434178814e-06, 1.2397534669299614e-06, 8.227069430424803e-06, 3.0436732111415806e-08, 1.446822570441266e-06, 6.24131620682792e-06, 4.1724287007734245e-06, 3.2399543357727744e-06, 4.001643722707199e-06, 1.5571069010367615e-05, 1.1362451182426732e-06, 4.660418650713955e-06, 1.0958436221700976e-05, 9.943626946716761e-07, 1.6578468860383082e-06, 7.864349660105028e-06, 5.203380821929689e-07, 4.724254162875459e-06, 4.936329384360088e-08, 4.600242973904223e-06, 1.3143783098536318e-06, 3.9882007449683625e-07, 2.2409799303726137e-06, 1.3159344608508217e-05, 8.567709919018612e-06, 1.6197891546625909e-06, 4.536022982729364e-06, 2.9115781617334023e-06, 1.072516958339323e-05, 1.029390074065962e-05, 9.94987824917034e-06, 2.021349034848758e-05], "rtts": [4.6253204345703125e-05, 3.4809112548828125e-05, 7.05718994140625e-05, 0.00011205673217773438, 6.127357482910156e-05, 7.033348083496094e-05, 4.00543212890625e-05, 3.886222839355469e-05, 0.00011968612670898438, 0.00013899803161621094, 0.00026726722717285156, 0.00010824203491210938, 0.000982522964477539, 0.0010864734649658203, 0.001308441162109375, 0.000354766845703125, 5.602836608886719e-05, 4.696846008300781e-05, 0.0002186298370361328, 0.0001976490020751953, 9.489059448242188e-05, 5.555152893066406e-05, 5.14984130859375e-05, 3.6716461181640625e-05, 0.00012183189392089844, 0.0001125335693359375, 0.0001926422119140625, 9.322166442871094e-05, 5.435943603515625e-05, 0.0012142658233642578, 6.389617919921875e-05, 4.38690185546875e-05, 7.367134094238281e-05, 5.1021575927734375e-05, 0.00010943412780761719, 0.00011324882507324219, 9.751319885253906e-05, 0.00011754035949707031]}